VMES,VNIMREGOPE,VFECCOM,VFECVENPAG,VTIPDOCCOM,VNUMSER,VNUMDOCCOI,VNUMDOCCOF,VTIPDIDCLI,VNUMDIDCLI,VAPENOMRSO,VVALFACEXP,VBASIMPGRA,VIMPTOTEXO,VIMPTOTINA,VISC,VIGVIPM,VBASIMIVAP,BIVAP,VOTRTRICGO,VIMPTOTCOM,VTIPCAM,VFECMOD,VTIPDOCMOD,VNUMSERMOD,VNUMDOCMOD,VINTDIAMAY,VINTKARDEX,VINTREG
01,0000884,01/01/2010,01/01/2010,03,0000000058,0000000058,0000000058,1,VTAS 0000000058,VTAS 0000000058,0.00,0.00,0.00,0.00,0.00,0.00,0.00,0.00,0.00,0.00,0,01/01/2010,03,0000000058,0000000058,0000000058,0000000058,_31R0QP0AH37206
01,0000885,01/01/2010,01/01/2010,03,0000000059,0000000059,0000000059,1,VTAS 0000000059,VTAS 0000000059,0.00,0.00,0.00,0.00,0.00,0.00,0.00,0.00,0.00,0.00,0,01/01/2010,03,0000000059,0000000059,0000000059,0000000059,_31R0QVBCG37206
01,0000886,01/01/2010,01/01/2010,03,0000000060,0000000060,0000000060,1,VTAS 0000000060,VTAS 0000000060,0.00,0.00,0.00,0.00,0.00,0.00,0.00,0.00,0.00,0.00,0,01/01/2010,03,0000000060,0000000060,0000000060,0000000060,_31R0QW4W237206
01,0000887,01/01/2010,01/01/2010,03,0000000061,0000000061,0000000061,1,VTAS 0000000061,VTAS 0000000061,0.00,0.00,0.00,0.00,0.00,0.00,0.00,0.00,0.00,0.00,0,01/01/2010,03,0000000061,0000000061,0000000061,0000000061,_31R0QWVI737206
01,0000888,01/01/2010,01/01/2010,03,0000000062,0000000062,0000000062,1,VTAS 0000000062,VTAS 0000000062,0.00,0.00,0.00,0.00,0.00,0.00,0.00,0.00,0.00,0.00,0,01/01/2010,03,0000000062,0000000062,0000000062,0000000062,_31R0QXHTO37206
01,0000889,01/01/2010,01/01/2010,03,0000000063,0000000063,0000000063,1,VTAS 0000000063,VTAS 0000000063,0.00,0.00,0.00,0.00,0.00,0.00,0.00,0.00,0.00,0.00,0,01/01/2010,03,0000000063,0000000063,0000000063,0000000063,_31R0QXYXT37206
01,0000890,01/01/2010,01/01/2010,03,0000000064,0000000064,0000000064,1,VTAS 0000000064,VTAS 0000000064,0.00,0.00,0.00,0.00,0.00,0.00,0.00,0.00,0.00,0.00,0,01/01/2010,03,0000000064,0000000064,0000000064,0000000064,_31R0QYHU037206
01,0000891,06/01/2010,06/01/2010,03,0000000003,0000000003,0000000003,1,VTAS 0000000003,VTAS 0000000003,0.00,0.00,0.00,0.00,0.00,0.00,0.00,0.00,0.00,0.00,2.873,06/01/2010,03,0000000003,0000000003,0000000003,0000000003,_2U70S441Y39050
01,0000892,06/01/2010,06/01/2010,03,0000000006,0000000006,0000000006,1,VTAS 0000000006,VTAS 0000000006,0.00,0.00,0.00,0.00,0.00,0.00,0.00,0.00,0.00,0.00,2.873,06/01/2010,03,0000000006,0000000006,0000000006,0000000006,_2UA0NVRGI39050
01,0000893,09/01/2010,09/01/2010,03,0000000015,0000000015,0000000015,1,VTAS 0000000015,VTAS 0000000015,0.00,0.00,0.00,0.00,0.00,0.00,0.00,0.00,0.00,0.00,2.854,09/01/2010,03,0000000015,0000000015,0000000015,0000000015,_2UH0RJOX239050
01,0001454,02/01/2010,12/01/2010,03,0000000045,0000000045,0000000045,1,VTAS 0000000045,VTAS 0000000045,142.86,142.86,142.86,142.86,142.86,142.86,142.86,142.86,142.86,142.86,2.891,02/01/2010,03,0000000045,0000000045,0000000045,0000000045,_2VC0IJUJT4568
01,0001455,06/01/2010,06/01/2010,03,0000000046,0000000046,0000000046,1,VTAS 0000000046,VTAS 0000000046,625.21,625.21,625.21,625.21,625.21,625.21,625.21,625.21,625.21,625.21,2.873,06/01/2010,03,0000000046,0000000046,0000000046,0000000046,_2VC0L8ZWU4568
01,0001456,12/01/2010,12/01/2010,03,0000000047,0000000047,0000000047,1,VTAS 0000000047,VTAS 0000000047,378.15,378.15,378.15,378.15,378.15,378.15,378.15,378.15,378.15,378.15,2.85,12/01/2010,03,0000000047,0000000047,0000000047,0000000047,_2VC0LGQ044568
01,0001457,25/01/2010,25/01/2010,03,0000000048,0000000048,0000000048,1,VTAS 0000000048,VTAS 0000000048,336.14,336.14,336.14,336.14,336.14,336.14,336.14,336.14,336.14,336.14,2.853,25/01/2010,03,0000000048,0000000048,0000000048,0000000048,_2VC0LMI934568
01,0001458,25/01/2010,25/01/2010,03,0000000049,0000000049,0000000049,1,VTAS 0000000049,VTAS 0000000049,75.63,75.63,75.63,75.63,75.63,75.63,75.63,75.63,75.63,75.63,2.853,25/01/2010,03,0000000049,0000000049,0000000049,0000000049,_2VC0N4NK04568
01,0000363,04/01/2010,04/01/2010,03,0000000001,0000000001,0000000001,,VTAS 0000000001,VTAS 0000000001,58.82,58.82,58.82,58.82,58.82,58.82,58.82,58.82,58.82,58.82,2.891,04/01/2010,03,0000000001,0000000001,0000000001,0000000001,_2U70Q79KR57808
01,0000364,09/01/2010,09/01/2010,03,0000000002,0000000002,0000000002,1,VTAS 0000000002,VTAS 0000000002,35.29,35.29,35.29,35.29,35.29,35.29,35.29,35.29,35.29,35.29,2.854,09/01/2010,03,0000000002,0000000002,0000000002,0000000002,_2U70R018M57808
01,0000365,09/01/2010,09/01/2010,03,0000000004,0000000004,0000000004,1,VTAS 0000000004,VTAS 0000000004,1590.92,1590.92,1590.92,1590.92,1590.92,1590.92,1590.92,1590.92,1590.92,1590.92,2.854,09/01/2010,03,0000000004,0000000004,0000000004,0000000004,_2U70SRUQO57808
01,0000366,09/01/2010,09/01/2010,03,0000000005,0000000005,0000000005,1,VTAS 0000000005,VTAS 0000000005,252.10,252.10,252.10,252.10,252.10,252.10,252.10,252.10,252.10,252.10,2.854,09/01/2010,03,0000000005,0000000005,0000000005,0000000005,_2U70T1CNP57808
01,0000367,12/01/2010,12/01/2010,03,0000000007,0000000007,0000000007,1,VTAS 0000000007,VTAS 0000000007,75.63,75.63,75.63,75.63,75.63,75.63,75.63,75.63,75.63,75.63,2.85,12/01/2010,03,0000000007,0000000007,0000000007,0000000007,_2UA0P3B0I57808
01,0000368,12/01/2010,12/01/2010,03,0000000008,0000000008,0000000008,1,VTAS 0000000008,VTAS 0000000008,0.00,0.00,0.00,0.00,0.00,0.00,0.00,0.00,0.00,0.00,0,12/01/2010,03,0000000008,0000000008,0000000008,0000000008,_2UA0P89M657808
01,0000369,12/01/2010,12/01/2010,03,0000000009,0000000009,0000000009,1,VTAS 0000000009,VTAS 0000000009,252.10,252.10,252.10,252.10,252.10,252.10,252.10,252.10,252.10,252.10,2.85,12/01/2010,03,0000000009,0000000009,0000000009,0000000009,_2UA0P9U0557808
01,0000370,12/01/2010,12/01/2010,03,0000000010,0000000010,0000000010,1,VTAS 0000000010,VTAS 0000000010,1004.37,1004.37,1004.37,1004.37,1004.37,1004.37,1004.37,1004.37,1004.37,1004.37,2.85,12/01/2010,03,0000000010,0000000010,0000000010,0000000010,_2UA0PED9B57808
01,0000371,14/01/2010,14/01/2010,03,0000000012,0000000012,0000000012,1,VTAS 0000000012,VTAS 0000000012,17.65,17.65,17.65,17.65,17.65,17.65,17.65,17.65,17.65,17.65,2.847,14/01/2010,03,0000000012,0000000012,0000000012,0000000012,_2UD0X0DX957808
01,0000372,15/01/2010,15/01/2010,03,0000000013,0000000013,0000000013,1,VTAS 0000000013,VTAS 0000000013,0.00,0.00,0.00,0.00,0.00,0.00,0.00,0.00,0.00,0.00,0,15/01/2010,03,0000000013,0000000013,0000000013,0000000013,_2UD0X7H5757808
01,0000373,16/01/2010,16/01/2010,03,0000000018,0000000018,0000000018,,VTAS 0000000018,VTAS 0000000018,29.41,29.41,29.41,29.41,29.41,29.41,29.41,29.41,29.41,29.41,2.85,16/01/2010,03,0000000018,0000000018,0000000018,0000000018,_2UI0WIF6P24797
01,0000374,18/01/2010,18/01/2010,03,0000000017,0000000017,0000000017,1,VTAS 0000000017,VTAS 0000000017,206.72,206.72,206.72,206.72,206.72,206.72,206.72,206.72,206.72,206.72,2.85,18/01/2010,03,0000000017,0000000017,0000000017,0000000017,_2UI0WEOMI24797
01,0000375,20/01/2010,20/01/2010,03,0000000016,0000000016,0000000016,1,VTAS 0000000016,VTAS 0000000016,0.00,0.00,0.00,0.00,0.00,0.00,0.00,0.00,0.00,0.00,0,20/01/2010,03,0000000016,0000000016,0000000016,0000000016,_2UI0W2OIJ24797
01,0000376,22/01/2010,22/01/2010,03,0000000020,0000000020,0000000020,1,VTAS 0000000020,VTAS 0000000020,126.05,126.05,126.05,126.05,126.05,126.05,126.05,126.05,126.05,126.05,2.852,22/01/2010,03,0000000020,0000000020,0000000020,0000000020,_2UR0M3ZN024797
01,0005385,01/01/2010,01/01/2010,01,0000000051,0000000051,0000000051,1,VTAS 0000000051,VTAS 0000000051,0.00,0.00,0.00,0.00,0.00,0.00,0.00,0.00,0.00,0.00,0,01/01/2010,01,0000000051,0000000051,0000000051,0000000051,_2VT0MYLHB37272
01,0005386,01/01/2010,01/01/2010,01,0000000052,0000000052,0000000052,1,VTAS 0000000052,VTAS 0000000052,0.00,0.00,0.00,0.00,0.00,0.00,0.00,0.00,0.00,0.00,0,01/01/2010,01,0000000052,0000000052,0000000052,0000000052,_2VT0MZW4K37272
01,0005387,01/01/2010,01/01/2010,01,0000000053,0000000053,0000000053,1,VTAS 0000000053,VTAS 0000000053,0.00,0.00,0.00,0.00,0.00,0.00,0.00,0.00,0.00,0.00,0,01/01/2010,01,0000000053,0000000053,0000000053,0000000053,_2VT0N1FZU37272
01,0005388,01/01/2010,01/01/2010,01,0000000054,0000000054,0000000054,1,VTAS 0000000054,VTAS 0000000054,0.00,0.00,0.00,0.00,0.00,0.00,0.00,0.00,0.00,0.00,0,01/01/2010,01,0000000054,0000000054,0000000054,0000000054,_2VT0N20R837272
01,0005389,01/01/2010,01/01/2010,01,0000000055,0000000055,0000000055,1,VTAS 0000000055,VTAS 0000000055,0.00,0.00,0.00,0.00,0.00,0.00,0.00,0.00,0.00,0.00,0,01/01/2010,01,0000000055,0000000055,0000000055,0000000055,_2VT0N3RJN37272
01,0005390,01/01/2010,01/01/2010,01,0000000056,0000000056,0000000056,1,VTAS 0000000056,VTAS 0000000056,0.00,0.00,0.00,0.00,0.00,0.00,0.00,0.00,0.00,0.00,0,01/01/2010,01,0000000056,0000000056,0000000056,0000000056,_2VT0N4R2B37272
01,0005391,14/01/2010,14/01/2010,01,0000000011,0000000011,0000000011,6,VTAS 0000000011,VTAS 0000000011,18264.70,18264.70,18264.70,18264.70,18264.70,18264.70,18264.70,18264.70,18264.70,18264.70,2.847,14/01/2010,01,0000000011,0000000011,0000000011,0000000011,_2UC0Y4RMR39050
01,0005392,15/01/2010,15/01/2010,01,0000000014,0000000014,0000000014,6,VTAS 0000000014,VTAS 0000000014,21327.73,21327.73,21327.73,21327.73,21327.73,21327.73,21327.73,21327.73,21327.73,21327.73,2.848,15/01/2010,01,0000000014,0000000014,0000000014,0000000014,_2UD0WT15239050
01,0005393,27/01/2010,27/01/2010,01,0000000019,0000000019,0000000019,6,VTAS 0000000019,VTAS 0000000019,50016.81,50016.81,50016.81,50016.81,50016.81,50016.81,50016.81,50016.81,50016.81,50016.81,2.586,27/01/2010,01,0000000019,0000000019,0000000019,0000000019,_2UP0W2K9L39050
01,0005394,29/01/2010,29/01/2010,01,0000000021,0000000021,0000000021,6,VTAS 0000000021,VTAS 0000000021,45861.35,45861.35,45861.35,45861.35,45861.35,45861.35,45861.35,45861.35,45861.35,45861.35,2.586,29/01/2010,01,0000000021,0000000021,0000000021,0000000021,_2UR0VKFWK39050
01,0005395,29/01/2010,29/01/2010,01,0000000022,0000000022,0000000022,6,VTAS 0000000022,VTAS 0000000022,47415.97,47415.97,47415.97,47415.97,47415.97,47415.97,47415.97,47415.97,47415.97,47415.97,2.586,29/01/2010,01,0000000022,0000000022,0000000022,0000000022,_2UR0XNUVW39050
01,0000611,30/01/2010,30/01/2010,01,0000000024,0000000024,0000000024,6,VTAS 0000000024,VTAS 0000000024,194692.14,194692.14,194692.14,194692.14,194692.14,194692.14,194692.14,194692.14,194692.14,194692.14,2.857,30/01/2010,01,0000000024,0000000024,0000000024,0000000024,_2UY0NMRC431149
01,0000612,30/01/2010,30/01/2010,01,0000000025,0000000025,0000000025,6,VTAS 0000000025,VTAS 0000000025,63529.41,63529.41,63529.41,63529.41,63529.41,63529.41,63529.41,63529.41,63529.41,63529.41,2.857,30/01/2010,01,0000000025,0000000025,0000000025,0000000025,_2UY0O4TE131149
01,0000613,30/01/2010,30/01/2010,01,0000000041,0000000041,0000000041,6,VTAS 0000000041,VTAS 0000000041,18679.83,18679.83,18679.83,18679.83,18679.83,18679.83,18679.83,18679.83,18679.83,18679.83,2.857,30/01/2010,01,0000000041,0000000041,0000000041,0000000041,_2VB0WCXGE4568
01,0000614,30/01/2010,30/01/2010,01,0000000042,0000000042,0000000042,6,VTAS 0000000042,VTAS 0000000042,18823.53,18823.53,18823.53,18823.53,18823.53,18823.53,18823.53,18823.53,18823.53,18823.53,2.857,30/01/2010,01,0000000042,0000000042,0000000042,0000000042,_2VB0WHMXK4568
01,0000615,30/01/2010,30/01/2010,01,0000000043,0000000043,0000000043,6,VTAS 0000000043,VTAS 0000000043,17647.06,17647.06,17647.06,17647.06,17647.06,17647.06,17647.06,17647.06,17647.06,17647.06,2.857,30/01/2010,01,0000000043,0000000043,0000000043,0000000043,_2VB0WMGO44568
01,0000616,30/01/2010,30/01/2010,01,0000000044,0000000044,0000000044,6,VTAS 0000000044,VTAS 0000000044,38571.43,38571.43,38571.43,38571.43,38571.43,38571.43,38571.43,38571.43,38571.43,38571.43,2.857,30/01/2010,01,0000000044,0000000044,0000000044,0000000044,_2VB0X9ED44568
01,0000774,04/01/2010,04/01/2010,01,0000000038,0000000038,0000000038,6,VTAS 0000000038,VTAS 0000000038,26355.48,26355.48,26355.48,26355.48,26355.48,26355.48,26355.48,26355.48,26355.48,26355.48,2.891,04/01/2010,01,0000000038,0000000038,0000000038,0000000038,_2VB0VRIKV4568
01,0000775,31/01/2010,31/01/2010,01,0000000026,0000000026,0000000026,6,VTAS 0000000026,VTAS 0000000026,0.00,0.00,0.00,0.00,0.00,0.00,0.00,0.00,0.00,0.00,0,31/01/2010,01,0000000026,0000000026,0000000026,0000000026,_2V10L8IF64568
01,0000776,04/01/2010,04/01/2010,01,0000000057,0000000057,0000000057,1,VTAS 0000000057,VTAS 0000000057,0.00,0.00,0.00,0.00,0.00,0.00,0.00,0.00,0.00,0.00,0,04/01/2010,01,0000000057,0000000057,0000000057,0000000057,_2VU0MG0EA37272
01,0000777,05/01/2010,05/01/2010,01,0000000037,0000000037,0000000037,6,VTAS 0000000037,VTAS 0000000037,29108.65,29108.65,29108.65,29108.65,29108.65,29108.65,29108.65,29108.65,29108.65,29108.65,2.885,05/01/2010,01,0000000037,0000000037,0000000037,0000000037,_2VB0VJI8H4568
01,0000778,05/01/2010,05/01/2010,01,0000000039,0000000039,0000000039,6,VTAS 0000000039,VTAS 0000000039,26463.47,26463.47,26463.47,26463.47,26463.47,26463.47,26463.47,26463.47,26463.47,26463.47,2.885,05/01/2010,01,0000000039,0000000039,0000000039,0000000039,_2VB0VYKVS4568
01,0000779,12/01/2010,12/01/2010,01,0000000040,0000000040,0000000040,6,VTAS 0000000040,VTAS 0000000040,34763.46,34763.46,34763.46,34763.46,34763.46,34763.46,34763.46,34763.46,34763.46,34763.46,2.85,12/01/2010,01,0000000040,0000000040,0000000040,0000000040,_2VB0W3L624568
01,0000119,04/01/2010,04/01/2010,07,0000000023,0000000023,0000000023,,VTAS 0000000023,VTAS 0000000023,0.00,0.00,0.00,0.00,0.00,0.00,0.00,0.00,0.00,0.00,2.874,04/01/2010,07,0000000023,0000000023,0000000023,0000000023,_2UV0IBYK643804
01,0000200,29/01/2010,29/01/2010,08,0000000027,0000000027,0000000027,,VTAS 0000000027,VTAS 0000000027,0.00,0.00,0.00,0.00,0.00,0.00,0.00,0.00,0.00,0.00,2.586,29/01/2010,08,0000000027,0000000027,0000000027,0000000027,_2VA0XI5YL43804
01,0000201,29/01/2010,29/01/2010,08,0000000028,0000000028,0000000028,,VTAS 0000000028,VTAS 0000000028,0.00,0.00,0.00,0.00,0.00,0.00,0.00,0.00,0.00,0.00,2.586,29/01/2010,08,0000000028,0000000028,0000000028,0000000028,_2VA0XW4B543804
01,0000202,29/01/2010,29/01/2010,08,0000000029,0000000029,0000000029,,VTAS 0000000029,VTAS 0000000029,0.00,0.00,0.00,0.00,0.00,0.00,0.00,0.00,0.00,0.00,2.86,29/01/2010,08,0000000029,0000000029,0000000029,0000000029,_2VB0NMM8643804
01,0000203,29/01/2010,29/01/2010,08,0000000030,0000000030,0000000030,,VTAS 0000000030,VTAS 0000000030,0.00,0.00,0.00,0.00,0.00,0.00,0.00,0.00,0.00,0.00,2.86,29/01/2010,08,0000000030,0000000030,0000000030,0000000030,_2VB0NZE2F43804
01,0000204,29/01/2010,29/01/2010,08,0000000031,0000000031,0000000031,,VTAS 0000000031,VTAS 0000000031,0.00,0.00,0.00,0.00,0.00,0.00,0.00,0.00,0.00,0.00,2.86,29/01/2010,08,0000000031,0000000031,0000000031,0000000031,_2VB0O3YXQ43804
01,0000205,29/01/2010,29/01/2010,08,0000000032,0000000032,0000000032,,VTAS 0000000032,VTAS 0000000032,0.00,0.00,0.00,0.00,0.00,0.00,0.00,0.00,0.00,0.00,2.86,29/01/2010,08,0000000032,0000000032,0000000032,0000000032,_2VB0ODWXD43804
01,0000206,29/01/2010,29/01/2010,08,0000000033,0000000033,0000000033,,VTAS 0000000033,VTAS 0000000033,0.00,0.00,0.00,0.00,0.00,0.00,0.00,0.00,0.00,0.00,2.86,29/01/2010,08,0000000033,0000000033,0000000033,0000000033,_2VB0OJOSH43804
01,0000207,29/01/2010,29/01/2010,08,0000000034,0000000034,0000000034,,VTAS 0000000034,VTAS 0000000034,0.00,0.00,0.00,0.00,0.00,0.00,0.00,0.00,0.00,0.00,2.86,29/01/2010,08,0000000034,0000000034,0000000034,0000000034,_2VB0RRK9R43804
01,0000208,29/01/2010,29/01/2010,08,0000000035,0000000035,0000000035,,VTAS 0000000035,VTAS 0000000035,0.00,0.00,0.00,0.00,0.00,0.00,0.00,0.00,0.00,0.00,2.86,29/01/2010,08,0000000035,0000000035,0000000035,0000000035,_2VB0S376L43804
01,0000209,29/01/2010,29/01/2010,08,0000000036,0000000036,0000000036,,VTAS 0000000036,VTAS 0000000036,0.00,0.00,0.00,0.00,0.00,0.00,0.00,0.00,0.00,0.00,2.86,29/01/2010,08,0000000036,0000000036,0000000036,0000000036,_2VB0SB2U543804
